{"stats":{"minecraft:picked_up":{"minecraft:torch":3,"minecraft:dirt":2},"minecraft:used":{"minecraft:torch":3,"minecraft:dirt":2},"minecraft:mined":{"minecraft:dirt_path":1,"minecraft:wall_torch":3,"minecraft:dirt":1},"minecraft:custom":{"minecraft:jump":158,"minecraft:open_chest":2,"minecraft:time_since_rest":6611,"minecraft:leave_game":1,"minecraft:interact_with_blast_furnace":1,"minecraft:crouch_one_cm":52,"minecraft:sprint_one_cm":13091,"minecraft:play_time":6611,"minecraft:damage_taken":90,"minecraft:time_since_death":6611,"minecraft:walk_one_cm":12575,"minecraft:sneak_time":12,"minecraft:total_world_time":6611,"minecraft:fall_one_cm":6817,"minecraft:fly_one_cm":48595}},"DataVersion":3465}