{"stats":{"minecraft:dropped":{"minecraft:spruce_log":1},"minecraft:picked_up":{"minecraft:coarse_dirt":2,"minecraft:spruce_log":1},"minecraft:custom":{"minecraft:jump":107,"minecraft:leave_game":1,"minecraft:time_since_rest":1194,"minecraft:deaths":1,"minecraft:sprint_one_cm":9996,"minecraft:damage_taken":350,"minecraft:play_time":4994,"minecraft:time_since_death":1167,"minecraft:walk_one_cm":29221,"minecraft:total_world_time":4994,"minecraft:drop":1,"minecraft:fall_one_cm":4989,"minecraft:fly_one_cm":12862},"minecraft:used":{"minecraft:coarse_dirt":2},"minecraft:mined":{"minecraft:grass":3,"minecraft:fire":6,"minecraft:spruce_leaves":4,"minecraft:spruce_log":1,"minecraft:coarse_dirt":2,"minecraft:fern":2}},"DataVersion":3465}