{
  "minecraft:recipes/decorations/crafting_table": {
    "criteria": {
      "unlock_right_away": "2024-06-05 10:35:37 +0000"
    },
    "done": true
  },
  "minecraft:recipes/building_blocks/emerald_block": {
    "criteria": {
      "has_emerald": "2024-06-05 10:40:05 +0000"
    },
    "done": true
  },
  "minecraft:adventure/adventuring_time": {
    "criteria": {
      "minecraft:snowy_slopes": "2024-06-05 10:35:38 +0000",
      "minecraft:frozen_river": "2024-06-05 10:39:16 +0000",
      "minecraft:snowy_plains": "2024-06-05 10:39:13 +0000"
    },
    "done": false
  },
  "DataVersion": 3465
}